feature,importance,std,test_rows
sale_count_12m_g57,0.020830102420765932,0.008597468103980946,5000
k_var_count_per_cheque_15d_g34,0.018009881105329677,0.004601849266721072,5000
stdev_discount_depth_1m,0.017814804534068914,0.0022681341756104418,5000
stdev_discount_depth_15d,0.01604565839539206,0.005047230819691101,5000
sale_count_12m_g49,0.015504539220709981,0.0010448837980693404,5000
k_var_disc_share_3m_g46,0.012155309368871221,0.0033413661961785683,5000
k_var_count_per_cheque_6m_g24,0.011949395616992079,0.00291827478242245,5000
k_var_disc_share_15d_g49,0.011442620637053537,0.00500655012340949,5000
k_var_cheque_15d,0.011396609659256594,0.0030383339429944376,5000
food_share_1m,0.010652974363257515,0.001478269221324924,5000
k_var_disc_share_6m_g44,0.00909034894176266,0.004054728983294132,5000
k_var_disc_share_3m_g26,0.008779243110949379,0.009409211705280005,5000
sale_count_3m_g24,0.0080291230899253,0.0038582624228992563,5000
cheque_count_6m_g79,0.007911172392546835,0.005230094624420126,5000
sale_sum_3m_g33,0.0074698232151074765,0.0026645436148663567,5000
k_var_disc_share_6m_g32,0.00746420688776882,0.00039705790942392845,5000
sale_count_3m_g33,0.006916138395368569,0.0007474904795091949,5000
k_var_disc_share_1m_g34,0.00679089483730667,0.0012436730335469782,5000
k_var_disc_share_6m_g49,0.006581153976920065,0.0014839175486049251,5000
sale_count_6m_g24,0.006515698188088788,0.003306665608089046,5000
k_var_disc_share_1m_g40,0.006444059806086863,0.0012294882903781503,5000
cheque_count_3m_g52,0.006351772400901246,0.003088003494179378,5000
k_var_disc_per_cheque_15d,0.006211868507630632,0.0007638131593841517,5000
k_var_count_per_cheque_3m_g44,0.006081979965680109,0.0022765446146030956,5000
k_var_count_per_cheque_1m_g24,0.005874958038270814,0.0005860183631228517,5000
crazy_purchases_cheque_count_12m,0.005799533759963768,0.0028201349269976928,5000
disc_sum_6m_g34,0.005421158375194114,0.005783813281464437,5000
k_var_days_between_visits_15d,0.005318025106064145,0.015877925328203993,5000
cheque_count_12m_g48,0.005282046088637094,0.00784082998002767,5000
cheque_count_12m_g46,0.005057953793268853,0.004747686154148188,5000
crazy_purchases_goods_count_6m,0.004976405821332732,0.006910114552933539,5000
sale_sum_12m_g54,0.0047480323966286415,0.0017742918117822726,5000
k_var_count_per_cheque_1m_g34,0.004445619724849898,0.0015777957984220764,5000
k_var_disc_share_3m_g49,0.004438673262779347,0.0008752785854545059,5000
k_var_count_per_cheque_1m_g44,0.004417521816923666,0.0022297669663298427,5000
age,0.004069845083515766,0.0030803445778318237,5000
sale_sum_6m_g54,0.00400024737955379,0.002849826070415887,5000
k_var_count_per_cheque_1m_g49,0.0039851093042425996,0.005911571863922586,5000
sale_sum_6m_g26,0.0039020861280995808,0.0007660131726535305,5000
k_var_disc_share_6m_g34,0.003807785109769049,0.001081263090287501,5000
k_var_disc_share_3m_g54,0.0037210165678916627,0.0038728863986162267,5000
sale_count_12m_g33,0.003664496042418331,0.0023623261982413132,5000
cheque_count_3m_g79,0.0035050421312505706,0.0011409624162211065,5000
k_var_disc_share_6m_g24,0.0034961045591373357,0.0010584993416710429,5000
k_var_discount_depth_1m,0.0034344799801553708,0.0012173920672173381,5000
k_var_disc_share_15d_g34,0.0032189079629849995,0.0009308166420088563,5000
cheque_count_3m_g56,0.003099059329163598,0.0007183522260046372,5000
k_var_sku_price_3m_g44,0.0029912798072566937,0.0013358652951670556,5000
sale_sum_12m_g27,0.0029665444113508555,0.0070943778451185305,5000
k_var_sku_price_3m_g34,0.0029271236403371043,0.00041135583864519275,5000
k_var_disc_share_3m_g38,0.002902462735469647,0.000878287729594109,5000
communication_response,0.0028337699626079793,0.0012294658101642273,5000
cheque_count_12m_g79,0.0028218648098188976,0.0027186121864043785,5000
k_var_sku_price_3m_g54,0.002714827899942443,0.00199078355203426,5000
k_var_disc_share_3m_g33,0.002699412833637211,0.001908322697736671,5000
cheque_count_3m_g20,0.002581293628593324,0.002847222236316541,5000
food_share_15d,0.0024447710037748976,0.001077403011006814,5000
sale_sum_12m_g32,0.0024431142203745967,0.003035293164545009,5000
k_var_sku_price_3m_g46,0.002210316918410171,0.001633138472120018,5000
k_var_sku_price_1m_g54,0.0021951791871972514,0.0006822526947684739,5000
k_var_sku_price_3m_g27,0.0021912978357383575,0.0003591694077800997,5000
cheque_count_12m_g45,0.002172893770823789,0.00010295618637750563,5000
k_var_disc_share_12m_g32,0.002132653988160054,0.0016073721288497385,5000
cheque_count_6m_g56,0.0021102510499950828,8.3376946914517e-05,5000
cheque_count_6m_g46,0.0020978249530717356,0.0008025807729275229,5000
k_var_sku_price_6m_g49,0.0020573290962637553,0.0015020358885978191,5000
k_var_sku_price_12m_g32,0.002014292248451658,0.0009349552939186554,5000
k_var_sku_price_3m_g26,0.0020107270225084733,0.00020911472230426592,5000
k_var_disc_share_3m_g24,0.0020021931250457786,0.002358356734455842,5000
k_var_count_per_cheque_15d_g24,0.0019577672904557953,0.002383672824798124,5000
k_var_sku_price_6m_g27,0.0017825592570336242,0.002301415090393222,5000
k_var_discount_depth_15d,0.001724970901097742,0.003920177709294663,5000
k_var_sku_price_3m_g49,0.001715686703910572,0.0019180612205822807,5000
k_var_count_per_cheque_3m_g34,0.0017105045262345506,8.980788120840634e-05,5000
sale_sum_12m_g25,0.0016291509713360862,0.002587661578870495,5000
cheque_count_3m_g45,0.0016204825112269932,0.002068912451417204,5000
sale_sum_3m_g24,0.001583917737660571,0.0013847996580429224,5000
k_var_sku_price_1m_g34,0.0015651772173923713,0.00039458874804993777,5000
crazy_purchases_cheque_count_6m,0.001479363962321537,0.00360301522457467,5000
k_var_sku_price_1m_g27,0.001448974934582845,0.0027434882876494053,5000
crazy_purchases_cheque_count_1m,0.0014477157655425714,0.0028158490719562075,5000
k_var_disc_share_1m_g27,0.0013495893791795218,0.002304603517906436,5000
cheque_count_6m_g58,0.0013306121324422164,8.834968141153435e-05,5000
k_var_disc_share_1m_g44,0.0013215744521667152,0.002013869320563986,5000
promo_dependency,0.0012814117206926313,0.0005267669252180667,5000
k_var_sku_price_1m_g24,0.0012627641527920032,0.0012862167280366405,5000
sale_sum_12m_g24,0.001226866188560355,0.0006990031659437161,5000
sale_sum_6m_g44,0.0011864963780801319,0.002558229032657845,5000
sale_sum_3m_g26,0.001127165737301541,0.0014410604011889168,5000
sale_count_3m_g57,0.0011145577237997746,0.0007445515302716483,5000
k_var_count_per_cheque_6m_g44,0.0010610595927314874,0.00012804465875872127,5000
k_var_disc_share_3m_g34,0.0010382831230292568,0.0008030195113582312,5000
sale_count_6m_g33,0.0010173013405217156,0.0004941387494467884,5000
k_var_sku_price_6m_g42,0.0010056292324138114,0.0024844707150329434,5000
cheque_count_12m_g58,0.00099528669881567,2.407196749770525e-05,5000
k_var_disc_share_15d_g24,0.0009854944339531592,0.0023234993458897267,5000
k_var_disc_share_6m_g27,0.0009560192930065867,0.0027119534769948638,5000
k_var_sku_price_6m_g24,0.0008541843049345276,0.0029117542646953576,5000
sale_sum_6m_g33,0.0008324059253070823,0.002707999791821473,5000
k_var_disc_share_3m_g40,0.0008081803631671223,0.00040843122823758205,5000
k_var_sku_price_6m_g26,0.0008039918316185857,0.0016264343119182663,5000
crazy_purchases_goods_count_12m,0.0007903949520158526,0.0011607679027537318,5000
sale_sum_3m_g32,0.0006188321246753439,0.0003057286565876193,5000
k_var_count_per_cheque_6m_g32,0.0005948105907505515,0.0007738457027444088,5000
cheque_count_6m_g45,0.00048607773716694697,0.0017398197140303263,5000
purchase_variability,0.0004596791898516782,0.0032541011697067254,5000
k_var_sku_price_15d_g34,0.0004387382563427721,0.0022367073911109666,5000
gender,0.0003887855780044779,0.00027080881438076106,5000
sale_count_6m_g44,0.0003266104046318029,0.00010076726393566005,5000
main_format,0.000290574897437471,0.002098512201604535,5000
k_var_sku_price_6m_g48,0.0002483707560908104,0.0019087583970338617,5000
cheque_count_12m_g56,0.00016795711920179526,0.0006541923482648453,5000
response_viber,0.00016090231429662788,0.00043288750113028426,5000
cheque_count_3m_g21,0.00013476838199934227,0.0021988705463414915,5000
sale_count_6m_g57,0.00011152818554862239,0.001617882184622013,5000
sale_sum_6m_g32,0.00010122307558795007,0.0006614945623791658,5000
k_var_sku_price_3m_g24,9.719860667662533e-05,0.001188409822439234,5000
cheque_count_6m_g57,5.41571716737276e-05,0.002794023301335389,5000
k_var_sku_price_6m_g41,2.4044297493891476e-05,9.419703220391364e-05,5000
sale_count_6m_g54,-1.9005566202231112e-05,0.0016629766120440277,5000
cheque_count_12m_g52,-2.0076136174392023e-05,0.0012888246005995972,5000
cheque_count_12m_g33,-9.017941840719357e-05,0.005686217087349774,5000
k_var_disc_share_6m_g46,-0.00010034009249779037,0.0037596143775615524,5000
k_var_disc_share_3m_g48,-0.00018998002932722746,0.0005028563753626125,5000
k_var_disc_share_6m_g54,-0.000202107778716309,0.0004195395846232804,5000
k_var_count_per_cheque_6m_g27,-0.00036146586457207197,0.0006865153500004977,5000
k_var_days_between_visits_3m,-0.0003658238975728483,0.0007227688642466316,5000
k_var_days_between_visits_1m,-0.0003993476426280863,0.004575575387339964,5000
k_var_sku_price_3m_g41,-0.00043328146411493923,0.003909188532744868,5000
sale_count_12m_g32,-0.0005430335100783898,0.0009424814511573899,5000
cheque_count_12m_g39,-0.0005900927632305509,0.0025873895822574326,5000
k_var_sku_price_3m_g40,-0.0006156736647947395,0.0015879631901275367,5000
k_var_sku_price_15d_g49,-0.0006724528079195893,0.004911908235773072,5000
k_var_disc_share_3m_g32,-0.0007009312212248898,0.0011976296044096365,5000
cheque_count_12m_g57,-0.0007539190924801797,0.0014963090410695973,5000
cheque_count_6m_g25,-0.0009407215760150536,0.0010247946634740776,5000
k_var_count_per_cheque_1m_g27,-0.0009748235123025936,0.0021826220269387134,5000
k_var_sku_price_6m_g32,-0.001052234799072541,0.00039365967529578173,5000
k_var_disc_share_3m_g41,-0.001054099706244746,0.0041477152672228035,5000
cheque_count_3m_g57,-0.0012753037959947779,0.001734802884188281,5000
k_var_disc_share_1m_g24,-0.0015035577174982717,0.0009549131657420954,5000
k_var_count_per_cheque_3m_g24,-0.0015713029938923262,0.001895578943625416,5000
k_var_disc_share_1m_g49,-0.001684810655358887,0.0013684051858662938,5000
children,-0.001727670256230875,0.0005439551731901001,5000
cheque_count_12m_g42,-0.0017340745064786667,0.001869156730628763,5000
k_var_count_per_cheque_3m_g32,-0.0017528293010727544,0.0006641492953392046,5000
k_var_disc_share_3m_g27,-0.0018303381369723902,0.0007907491568859992,5000
sale_sum_12m_g44,-0.0019637346620550744,0.0023115644626468383,5000
k_var_sku_price_3m_g33,-0.0020641876530987694,0.0011229831984700437,5000
k_var_sku_price_3m_g32,-0.0021461167162147485,0.0004429882687055968,5000
mean_discount_depth_15d,-0.0021614902196290925,0.0035489751542437313,5000
cheque_count_6m_g52,-0.002394274208454221,0.00011080971032358304,5000
sale_sum_6m_g24,-0.002458475690441641,0.001524977764661207,5000
cheque_count_6m_g21,-0.002531691922746241,0.0012250950019721376,5000
crazy_purchases_cheque_count_3m,-0.002636104543838744,0.003973568980659685,5000
k_var_sku_price_6m_g44,-0.002673737315140909,0.0013107758061133268,5000
k_var_sku_price_1m_g49,-0.0027462890984866553,0.0008803169230823795,5000
k_var_count_per_cheque_3m_g41,-0.002807266766429071,0.004831724536783166,5000
cheque_count_12m_g32,-0.00281955024611842,0.0031764189335629356,5000
months_from_register,-0.0031576348144495697,0.0008463511443792035,5000
cheque_count_3m_g25,-0.003207901227964829,0.0016188571236363336,5000
cheque_count_6m_g40,-0.0033332893564083517,0.0022833934061520164,5000
cheque_count_12m_g25,-0.003691873602450975,0.002509588982805657,5000
sale_count_12m_g54,-0.0037731037041835425,0.0024735777219519937,5000
response_sms,-0.0037919906436618433,0.0005437007749995416,5000
cheque_count_6m_g20,-0.004112849351035906,0.003148254923747562,5000
k_var_disc_share_1m_g54,-0.00415970945672003,0.0017950673346625633,5000
cheque_count_12m_g20,-0.004318746421217975,0.00476569329372698,5000
cheque_count_6m_g48,-0.004514082174140364,0.007349581949901588,5000
sale_sum_6m_g25,-0.0046408399594529345,0.0015055641303556597,5000
k_var_sku_per_cheque_15d,-0.004978061528380994,0.005378395028989532,5000
k_var_sku_price_3m_g48,-0.0050114525354993935,0.0027415008329367088,5000
cheque_count_12m_g38,-0.005222410658459309,0.00547378152152022,5000
k_var_cheque_category_width_15d,-0.005447960418697509,0.0006242263967888153,5000
cheque_count_6m_g42,-0.005774641713739127,0.002956155283713582,5000
k_var_sku_price_1m_g40,-0.0062380199649900445,0.005887448346071547,5000
cheque_count_6m_g38,-0.006696938671987015,0.001609189719053336,5000
sale_sum_12m_g26,-0.00684379412619538,0.008700369118445603,5000
k_var_sku_price_1m_g44,-0.006943165627590445,0.0016399471371385727,5000
k_var_sku_price_1m_g26,-0.007072509504508198,0.005648184679985864,5000
cheque_count_6m_g32,-0.007173929640449689,0.004953674576334191,5000
k_var_cheque_3m,-0.007768709751267394,0.0026644706427889245,5000
perdelta_days_between_visits_15_30d,-0.007821251981966934,0.0005451604867177211,5000
cheque_count_6m_g39,-0.00787595923427263,0.0020946450404000084,5000
cheque_count_6m_g41,-0.008072363466059069,0.010431767314842915,5000
k_var_disc_share_3m_g44,-0.008116279321930321,0.003043058094428152,5000
cheque_count_3m_g42,-0.008240570007562367,0.0012311268965724753,5000
cheque_count_12m_g21,-0.00863777862176088,0.0012796464178846012,5000
sale_count_6m_g25,-0.009179125117301772,0.014434382261962649,5000
promo_share_15d,-0.009921376157435395,0.011340130122992594,5000
k_var_cheque_group_width_15d,-0.01015574877735629,0.00047364702046447804,5000
cheque_count_12m_g41,-0.010860268248532859,0.004519775766448217,5000
sale_count_6m_g32,-0.011547962272777537,0.0011648270874881116,5000
cheque_count_6m_g33,-0.017724351989848244,0.010327332442188033,5000
k_var_count_per_cheque_3m_g27,-0.018630078724568153,0.003151556608555329,5000
stdev_days_between_visits_15d,-0.021061622613949792,0.015007084019335606,5000
